﻿<?xml version="1.0" encoding="utf-8"?><BugReport><BsSndRptVersion>3.13</BsSndRptVersion><AppInfo><Vendor>fred</Vendor><AppName>myConsoleCrasher</AppName><Version>2021.1.6.0</Version><CrashType>Windows.Native</CrashType><FullDump>false</FullDump><Description><![CDATA[]]></Description></AppInfo><ReportOccurence><User><Name><![CDATA[Fred]]></Name><Email><![CDATA[fred@bedrock.com]]></Email><IPAddress><![CDATA[10.0.3.171]]></IPAddress></User><DateTime>2021-01-06 00:29:01</DateTime><Description><![CDATA[This is the default user crash description.]]></Description><MFA>myConsoleCrasher!00000610</MFA><SessionUpTime>0</SessionUpTime><TotalUpTime>0</TotalUpTime><LaunchCount>1</LaunchCount><TotalCrashCount>1</TotalCrashCount></ReportOccurence></BugReport>